,,,,Prey Energy Density,,,,,,,,,,,,,,,,,,,
,,,,Species 1,Species 2,Species 3,Species 4,Species 5,Species 6,Species 7,Species 8,Species 9,Species 10,Species 11,Species 12,Species 13,Species 14,Species 15,Species 16,Species 17,Species 18,Species 19,Species 20
,,,,3423,0,0,0,0,0,0,0,0,0,0,0,0,0,0,0,0,0,0,0
,,,,,,,,,,,,,,,,,,,,,,,
,,,,Prey % of Diet,,,,,,,,,,,,,,,,,,,
Site,Day,Temp,P-Val,Species 1,Species 2,Species 3,Species 4,Species 5,Species 6,Species 7,Species 8,Species 9,Species 10,Species 11,Species 12,Species 13,Species 14,Species 15,Species 16,Species 17,Species 18,Species 19,Species 20
1,1,9,0.3333,1,0,0,0,0,0,0,0,0,0,0,0,0,0,0,0,0,0,0,0
1,2,9.5,0.3333,1,0,0,0,0,0,0,0,0,0,0,0,0,0,0,0,0,0,0,0
1,3,9.5,0.3333,1,0,0,0,0,0,0,0,0,0,0,0,0,0,0,0,0,0,0,0
1,4,9.5,0.3333,1,0,0,0,0,0,0,0,0,0,0,0,0,0,0,0,0,0,0,0
1,5,9.5,0.3333,1,0,0,0,0,0,0,0,0,0,0,0,0,0,0,0,0,0,0,0
1,6,9,0.3333,1,0,0,0,0,0,0,0,0,0,0,0,0,0,0,0,0,0,0,0
1,7,8.5,0.3333,1,0,0,0,0,0,0,0,0,0,0,0,0,0,0,0,0,0,0,0
1,8,9,0.3333,1,0,0,0,0,0,0,0,0,0,0,0,0,0,0,0,0,0,0,0
1,9,9.5,0.3333,1,0,0,0,0,0,0,0,0,0,0,0,0,0,0,0,0,0,0,0
1,10,9,0.3333,1,0,0,0,0,0,0,0,0,0,0,0,0,0,0,0,0,0,0,0
1,11,8.5,0.3333,1,0,0,0,0,0,0,0,0,0,0,0,0,0,0,0,0,0,0,0
1,12,9,0.3333,1,0,0,0,0,0,0,0,0,0,0,0,0,0,0,0,0,0,0,0
1,13,9,0.3333,1,0,0,0,0,0,0,0,0,0,0,0,0,0,0,0,0,0,0,0
1,14,8.5,0.3333,1,0,0,0,0,0,0,0,0,0,0,0,0,0,0,0,0,0,0,0
1,15,9,0.3333,1,0,0,0,0,0,0,0,0,0,0,0,0,0,0,0,0,0,0,0
1,16,9,0.3333,1,0,0,0,0,0,0,0,0,0,0,0,0,0,0,0,0,0,0,0
1,17,8.5,0.3333,1,0,0,0,0,0,0,0,0,0,0,0,0,0,0,0,0,0,0,0
1,18,8.5,0.3333,1,0,0,0,0,0,0,0,0,0,0,0,0,0,0,0,0,0,0,0
1,19,9,0.3333,1,0,0,0,0,0,0,0,0,0,0,0,0,0,0,0,0,0,0,0
1,20,8.5,0.3333,1,0,0,0,0,0,0,0,0,0,0,0,0,0,0,0,0,0,0,0
1,21,8.5,0.3333,1,0,0,0,0,0,0,0,0,0,0,0,0,0,0,0,0,0,0,0
1,22,9,0.3333,1,0,0,0,0,0,0,0,0,0,0,0,0,0,0,0,0,0,0,0
1,23,9,0.3333,1,0,0,0,0,0,0,0,0,0,0,0,0,0,0,0,0,0,0,0
1,24,8.5,0.3333,1,0,0,0,0,0,0,0,0,0,0,0,0,0,0,0,0,0,0,0
1,25,7.5,0.3333,1,0,0,0,0,0,0,0,0,0,0,0,0,0,0,0,0,0,0,0
1,26,8,0.3333,1,0,0,0,0,0,0,0,0,0,0,0,0,0,0,0,0,0,0,0
1,27,7.5,0.3333,1,0,0,0,0,0,0,0,0,0,0,0,0,0,0,0,0,0,0,0
1,28,8,0.3333,1,0,0,0,0,0,0,0,0,0,0,0,0,0,0,0,0,0,0,0
1,29,7,0.3333,1,0,0,0,0,0,0,0,0,0,0,0,0,0,0,0,0,0,0,0
1,30,7.5,0.3333,1,0,0,0,0,0,0,0,0,0,0,0,0,0,0,0,0,0,0,0
1,31,8,0.3333,1,0,0,0,0,0,0,0,0,0,0,0,0,0,0,0,0,0,0,0
1,32,7.5,0.3333,1,0,0,0,0,0,0,0,0,0,0,0,0,0,0,0,0,0,0,0
1,33,7.5,0.3333,1,0,0,0,0,0,0,0,0,0,0,0,0,0,0,0,0,0,0,0
1,34,7.5,0.3333,1,0,0,0,0,0,0,0,0,0,0,0,0,0,0,0,0,0,0,0
1,35,7,0.3333,1,0,0,0,0,0,0,0,0,0,0,0,0,0,0,0,0,0,0,0
1,36,7,0.3333,1,0,0,0,0,0,0,0,0,0,0,0,0,0,0,0,0,0,0,0
1,37,7,0.3333,1,0,0,0,0,0,0,0,0,0,0,0,0,0,0,0,0,0,0,0
1,38,7,0.3333,1,0,0,0,0,0,0,0,0,0,0,0,0,0,0,0,0,0,0,0
1,39,7.5,0.3333,1,0,0,0,0,0,0,0,0,0,0,0,0,0,0,0,0,0,0,0
1,40,7,0.3333,1,0,0,0,0,0,0,0,0,0,0,0,0,0,0,0,0,0,0,0
1,41,7.5,0.3333,1,0,0,0,0,0,0,0,0,0,0,0,0,0,0,0,0,0,0,0
1,42,7.5,0.3333,1,0,0,0,0,0,0,0,0,0,0,0,0,0,0,0,0,0,0,0
1,43,7.5,0.3333,1,0,0,0,0,0,0,0,0,0,0,0,0,0,0,0,0,0,0,0
1,44,7,0.3333,1,0,0,0,0,0,0,0,0,0,0,0,0,0,0,0,0,0,0,0
1,45,7.5,0.3333,1,0,0,0,0,0,0,0,0,0,0,0,0,0,0,0,0,0,0,0
1,46,7.5,0.3333,1,0,0,0,0,0,0,0,0,0,0,0,0,0,0,0,0,0,0,0
1,47,7.5,0.3333,1,0,0,0,0,0,0,0,0,0,0,0,0,0,0,0,0,0,0,0
1,48,7.5,0.3333,1,0,0,0,0,0,0,0,0,0,0,0,0,0,0,0,0,0,0,0
1,49,7.5,0.3333,1,0,0,0,0,0,0,0,0,0,0,0,0,0,0,0,0,0,0,0
1,50,7,0.3333,1,0,0,0,0,0,0,0,0,0,0,0,0,0,0,0,0,0,0,0
1,51,7,0.3333,1,0,0,0,0,0,0,0,0,0,0,0,0,0,0,0,0,0,0,0
1,52,7.5,0.3333,1,0,0,0,0,0,0,0,0,0,0,0,0,0,0,0,0,0,0,0
1,53,8,0.3333,1,0,0,0,0,0,0,0,0,0,0,0,0,0,0,0,0,0,0,0
1,54,7,0.3333,1,0,0,0,0,0,0,0,0,0,0,0,0,0,0,0,0,0,0,0
1,55,5.5,0.3333,1,0,0,0,0,0,0,0,0,0,0,0,0,0,0,0,0,0,0,0
1,56,6,0.3333,1,0,0,0,0,0,0,0,0,0,0,0,0,0,0,0,0,0,0,0
1,57,6.5,0.3333,1,0,0,0,0,0,0,0,0,0,0,0,0,0,0,0,0,0,0,0
1,58,7,0.3333,1,0,0,0,0,0,0,0,0,0,0,0,0,0,0,0,0,0,0,0
1,59,7.5,0.3333,1,0,0,0,0,0,0,0,0,0,0,0,0,0,0,0,0,0,0,0
1,60,7.5,0.3333,1,0,0,0,0,0,0,0,0,0,0,0,0,0,0,0,0,0,0,0
1,61,7.5,0.3333,1,0,0,0,0,0,0,0,0,0,0,0,0,0,0,0,0,0,0,0
1,62,7,0.3333,1,0,0,0,0,0,0,0,0,0,0,0,0,0,0,0,0,0,0,0
1,63,6.5,0.3333,1,0,0,0,0,0,0,0,0,0,0,0,0,0,0,0,0,0,0,0
1,64,6.5,0.3333,1,0,0,0,0,0,0,0,0,0,0,0,0,0,0,0,0,0,0,0
1,65,7,0.3333,1,0,0,0,0,0,0,0,0,0,0,0,0,0,0,0,0,0,0,0
1,66,6.5,0.3333,1,0,0,0,0,0,0,0,0,0,0,0,0,0,0,0,0,0,0,0
1,67,6.5,0.3333,1,0,0,0,0,0,0,0,0,0,0,0,0,0,0,0,0,0,0,0
1,68,6.5,0.3333,1,0,0,0,0,0,0,0,0,0,0,0,0,0,0,0,0,0,0,0
1,69,6.5,0.3333,1,0,0,0,0,0,0,0,0,0,0,0,0,0,0,0,0,0,0,0
1,70,7,0.3333,1,0,0,0,0,0,0,0,0,0,0,0,0,0,0,0,0,0,0,0
1,71,7,0.3333,1,0,0,0,0,0,0,0,0,0,0,0,0,0,0,0,0,0,0,0
1,72,6.5,0.3333,1,0,0,0,0,0,0,0,0,0,0,0,0,0,0,0,0,0,0,0
1,73,6,0.3333,1,0,0,0,0,0,0,0,0,0,0,0,0,0,0,0,0,0,0,0
1,74,6.5,0.3333,1,0,0,0,0,0,0,0,0,0,0,0,0,0,0,0,0,0,0,0
1,75,6.5,0.3333,1,0,0,0,0,0,0,0,0,0,0,0,0,0,0,0,0,0,0,0
1,76,6.5,0.3333,1,0,0,0,0,0,0,0,0,0,0,0,0,0,0,0,0,0,0,0
1,77,6.5,0.3333,1,0,0,0,0,0,0,0,0,0,0,0,0,0,0,0,0,0,0,0
1,78,6,0.3333,1,0,0,0,0,0,0,0,0,0,0,0,0,0,0,0,0,0,0,0
1,79,6.5,0.3333,1,0,0,0,0,0,0,0,0,0,0,0,0,0,0,0,0,0,0,0
1,80,6,0.3333,1,0,0,0,0,0,0,0,0,0,0,0,0,0,0,0,0,0,0,0
1,81,5.5,0.3333,1,0,0,0,0,0,0,0,0,0,0,0,0,0,0,0,0,0,0,0
1,82,5.5,0.3333,1,0,0,0,0,0,0,0,0,0,0,0,0,0,0,0,0,0,0,0
1,83,6,0.3333,1,0,0,0,0,0,0,0,0,0,0,0,0,0,0,0,0,0,0,0
1,84,5.5,0.3333,1,0,0,0,0,0,0,0,0,0,0,0,0,0,0,0,0,0,0,0
1,85,5.5,0.3333,1,0,0,0,0,0,0,0,0,0,0,0,0,0,0,0,0,0,0,0
1,86,5.5,0.3333,1,0,0,0,0,0,0,0,0,0,0,0,0,0,0,0,0,0,0,0
1,87,6,0.3333,1,0,0,0,0,0,0,0,0,0,0,0,0,0,0,0,0,0,0,0
1,88,6.5,0.3333,1,0,0,0,0,0,0,0,0,0,0,0,0,0,0,0,0,0,0,0
1,89,6,0.3333,1,0,0,0,0,0,0,0,0,0,0,0,0,0,0,0,0,0,0,0
1,90,5.5,0.3333,1,0,0,0,0,0,0,0,0,0,0,0,0,0,0,0,0,0,0,0
1,91,5.5,0.3333,1,0,0,0,0,0,0,0,0,0,0,0,0,0,0,0,0,0,0,0
1,92,5.5,0.3333,1,0,0,0,0,0,0,0,0,0,0,0,0,0,0,0,0,0,0,0
1,93,5.5,0.3333,1,0,0,0,0,0,0,0,0,0,0,0,0,0,0,0,0,0,0,0
1,94,5.5,0.3333,1,0,0,0,0,0,0,0,0,0,0,0,0,0,0,0,0,0,0,0
1,95,5.5,0.3333,1,0,0,0,0,0,0,0,0,0,0,0,0,0,0,0,0,0,0,0
1,96,5.5,0.3333,1,0,0,0,0,0,0,0,0,0,0,0,0,0,0,0,0,0,0,0
1,97,5,0.3333,1,0,0,0,0,0,0,0,0,0,0,0,0,0,0,0,0,0,0,0
1,98,4.5,0.3333,1,0,0,0,0,0,0,0,0,0,0,0,0,0,0,0,0,0,0,0
1,99,5,0.3333,1,0,0,0,0,0,0,0,0,0,0,0,0,0,0,0,0,0,0,0
1,100,5,0.3333,1,0,0,0,0,0,0,0,0,0,0,0,0,0,0,0,0,0,0,0
1,101,5,0.3333,1,0,0,0,0,0,0,0,0,0,0,0,0,0,0,0,0,0,0,0
1,102,5,0.3333,1,0,0,0,0,0,0,0,0,0,0,0,0,0,0,0,0,0,0,0
1,103,5,0.3333,1,0,0,0,0,0,0,0,0,0,0,0,0,0,0,0,0,0,0,0
1,104,5,0.3333,1,0,0,0,0,0,0,0,0,0,0,0,0,0,0,0,0,0,0,0
1,105,5,0.3333,1,0,0,0,0,0,0,0,0,0,0,0,0,0,0,0,0,0,0,0
1,106,5,0.3333,1,0,0,0,0,0,0,0,0,0,0,0,0,0,0,0,0,0,0,0
1,107,5,0.3333,1,0,0,0,0,0,0,0,0,0,0,0,0,0,0,0,0,0,0,0
1,108,4.5,0.3333,1,0,0,0,0,0,0,0,0,0,0,0,0,0,0,0,0,0,0,0
1,109,5,0.3333,1,0,0,0,0,0,0,0,0,0,0,0,0,0,0,0,0,0,0,0
1,110,5,0.3333,1,0,0,0,0,0,0,0,0,0,0,0,0,0,0,0,0,0,0,0
1,111,5,0.3333,1,0,0,0,0,0,0,0,0,0,0,0,0,0,0,0,0,0,0,0
1,112,5,0.3333,1,0,0,0,0,0,0,0,0,0,0,0,0,0,0,0,0,0,0,0
1,113,5,0.3333,1,0,0,0,0,0,0,0,0,0,0,0,0,0,0,0,0,0,0,0
1,114,5,0.3333,1,0,0,0,0,0,0,0,0,0,0,0,0,0,0,0,0,0,0,0
1,115,5.5,0.3333,1,0,0,0,0,0,0,0,0,0,0,0,0,0,0,0,0,0,0,0
1,116,4.5,0.3333,1,0,0,0,0,0,0,0,0,0,0,0,0,0,0,0,0,0,0,0
1,117,4.5,0.3333,1,0,0,0,0,0,0,0,0,0,0,0,0,0,0,0,0,0,0,0
1,118,4.5,0.3333,1,0,0,0,0,0,0,0,0,0,0,0,0,0,0,0,0,0,0,0
1,119,4.5,0.3333,1,0,0,0,0,0,0,0,0,0,0,0,0,0,0,0,0,0,0,0
1,120,4.5,0.3333,1,0,0,0,0,0,0,0,0,0,0,0,0,0,0,0,0,0,0,0
1,121,4,0.3333,1,0,0,0,0,0,0,0,0,0,0,0,0,0,0,0,0,0,0,0
1,122,3.5,0.3333,1,0,0,0,0,0,0,0,0,0,0,0,0,0,0,0,0,0,0,0
1,123,3.5,0.3333,1,0,0,0,0,0,0,0,0,0,0,0,0,0,0,0,0,0,0,0
1,124,3.5,0.3333,1,0,0,0,0,0,0,0,0,0,0,0,0,0,0,0,0,0,0,0
1,125,4.5,0.3333,1,0,0,0,0,0,0,0,0,0,0,0,0,0,0,0,0,0,0,0
1,126,4,0.3333,1,0,0,0,0,0,0,0,0,0,0,0,0,0,0,0,0,0,0,0
1,127,5,0.3333,1,0,0,0,0,0,0,0,0,0,0,0,0,0,0,0,0,0,0,0
1,128,5,0.3333,1,0,0,0,0,0,0,0,0,0,0,0,0,0,0,0,0,0,0,0
1,129,4.5,0.3333,1,0,0,0,0,0,0,0,0,0,0,0,0,0,0,0,0,0,0,0
1,130,5,0.3333,1,0,0,0,0,0,0,0,0,0,0,0,0,0,0,0,0,0,0,0
1,131,5,0.3333,1,0,0,0,0,0,0,0,0,0,0,0,0,0,0,0,0,0,0,0
1,132,4.5,0.3333,1,0,0,0,0,0,0,0,0,0,0,0,0,0,0,0,0,0,0,0
1,133,4,0.3333,1,0,0,0,0,0,0,0,0,0,0,0,0,0,0,0,0,0,0,0
1,134,4,0.3333,1,0,0,0,0,0,0,0,0,0,0,0,0,0,0,0,0,0,0,0
1,135,4,0.3333,1,0,0,0,0,0,0,0,0,0,0,0,0,0,0,0,0,0,0,0
1,136,4.5,0.3333,1,0,0,0,0,0,0,0,0,0,0,0,0,0,0,0,0,0,0,0
1,137,5,0.3333,1,0,0,0,0,0,0,0,0,0,0,0,0,0,0,0,0,0,0,0
1,138,4.5,0.3333,1,0,0,0,0,0,0,0,0,0,0,0,0,0,0,0,0,0,0,0
1,139,5.5,0.3333,1,0,0,0,0,0,0,0,0,0,0,0,0,0,0,0,0,0,0,0
1,140,5,0.3333,1,0,0,0,0,0,0,0,0,0,0,0,0,0,0,0,0,0,0,0
1,141,4.5,0.3333,1,0,0,0,0,0,0,0,0,0,0,0,0,0,0,0,0,0,0,0
1,142,5,0.3333,1,0,0,0,0,0,0,0,0,0,0,0,0,0,0,0,0,0,0,0
1,143,5,0.3333,1,0,0,0,0,0,0,0,0,0,0,0,0,0,0,0,0,0,0,0
1,144,5,0.3333,1,0,0,0,0,0,0,0,0,0,0,0,0,0,0,0,0,0,0,0
1,145,4.5,0.3333,1,0,0,0,0,0,0,0,0,0,0,0,0,0,0,0,0,0,0,0
1,146,4.5,0.3333,1,0,0,0,0,0,0,0,0,0,0,0,0,0,0,0,0,0,0,0
1,147,5.5,0.3333,1,0,0,0,0,0,0,0,0,0,0,0,0,0,0,0,0,0,0,0
1,148,6,0.3333,1,0,0,0,0,0,0,0,0,0,0,0,0,0,0,0,0,0,0,0
1,149,5.5,0.3333,1,0,0,0,0,0,0,0,0,0,0,0,0,0,0,0,0,0,0,0
1,150,5.5,0.3333,1,0,0,0,0,0,0,0,0,0,0,0,0,0,0,0,0,0,0,0
1,151,5.5,0.3333,1,0,0,0,0,0,0,0,0,0,0,0,0,0,0,0,0,0,0,0
1,152,6,0.3333,1,0,0,0,0,0,0,0,0,0,0,0,0,0,0,0,0,0,0,0
1,153,6,0.3333,1,0,0,0,0,0,0,0,0,0,0,0,0,0,0,0,0,0,0,0
1,154,6.5,0.3333,1,0,0,0,0,0,0,0,0,0,0,0,0,0,0,0,0,0,0,0
1,155,6.5,0.3333,1,0,0,0,0,0,0,0,0,0,0,0,0,0,0,0,0,0,0,0
1,156,6.5,0.3333,1,0,0,0,0,0,0,0,0,0,0,0,0,0,0,0,0,0,0,0
1,157,6,0.3333,1,0,0,0,0,0,0,0,0,0,0,0,0,0,0,0,0,0,0,0
1,158,5.5,0.3333,1,0,0,0,0,0,0,0,0,0,0,0,0,0,0,0,0,0,0,0
1,159,5.5,0.3333,1,0,0,0,0,0,0,0,0,0,0,0,0,0,0,0,0,0,0,0
1,160,5.5,0.3333,1,0,0,0,0,0,0,0,0,0,0,0,0,0,0,0,0,0,0,0
1,161,5.5,0.3333,1,0,0,0,0,0,0,0,0,0,0,0,0,0,0,0,0,0,0,0
1,162,5,0.3333,1,0,0,0,0,0,0,0,0,0,0,0,0,0,0,0,0,0,0,0
1,163,6,0.3333,1,0,0,0,0,0,0,0,0,0,0,0,0,0,0,0,0,0,0,0
1,164,6.5,0.3333,1,0,0,0,0,0,0,0,0,0,0,0,0,0,0,0,0,0,0,0
1,165,6.5,0.3333,1,0,0,0,0,0,0,0,0,0,0,0,0,0,0,0,0,0,0,0
1,166,6.5,0.3333,1,0,0,0,0,0,0,0,0,0,0,0,0,0,0,0,0,0,0,0
1,167,6.5,0.3333,1,0,0,0,0,0,0,0,0,0,0,0,0,0,0,0,0,0,0,0
1,168,6,0.3333,1,0,0,0,0,0,0,0,0,0,0,0,0,0,0,0,0,0,0,0
1,169,7,0.3333,1,0,0,0,0,0,0,0,0,0,0,0,0,0,0,0,0,0,0,0
1,170,6.5,0.3333,1,0,0,0,0,0,0,0,0,0,0,0,0,0,0,0,0,0,0,0
1,171,6.5,0.3333,1,0,0,0,0,0,0,0,0,0,0,0,0,0,0,0,0,0,0,0
1,172,6,0.3333,1,0,0,0,0,0,0,0,0,0,0,0,0,0,0,0,0,0,0,0
1,173,6.5,0.3333,1,0,0,0,0,0,0,0,0,0,0,0,0,0,0,0,0,0,0,0
1,174,0.1,0.3333,1,0,0,0,0,0,0,0,0,0,0,0,0,0,0,0,0,0,0,0
1,175,6,0.3333,1,0,0,0,0,0,0,0,0,0,0,0,0,0,0,0,0,0,0,0
1,176,6,0.3333,1,0,0,0,0,0,0,0,0,0,0,0,0,0,0,0,0,0,0,0
1,177,4.5,0.3333,1,0,0,0,0,0,0,0,0,0,0,0,0,0,0,0,0,0,0,0
1,178,5.5,0.3333,1,0,0,0,0,0,0,0,0,0,0,0,0,0,0,0,0,0,0,0
1,179,6,0.3333,1,0,0,0,0,0,0,0,0,0,0,0,0,0,0,0,0,0,0,0
1,180,6,0.3333,1,0,0,0,0,0,0,0,0,0,0,0,0,0,0,0,0,0,0,0
1,181,6.5,0.3333,1,0,0,0,0,0,0,0,0,0,0,0,0,0,0,0,0,0,0,0
1,182,6.5,0.3333,1,0,0,0,0,0,0,0,0,0,0,0,0,0,0,0,0,0,0,0
1,183,7,0.3333,1,0,0,0,0,0,0,0,0,0,0,0,0,0,0,0,0,0,0,0
1,184,6.5,0.3333,1,0,0,0,0,0,0,0,0,0,0,0,0,0,0,0,0,0,0,0
1,185,6.5,0.3333,1,0,0,0,0,0,0,0,0,0,0,0,0,0,0,0,0,0,0,0
1,186,5,0.3333,1,0,0,0,0,0,0,0,0,0,0,0,0,0,0,0,0,0,0,0
1,187,6,0.3333,1,0,0,0,0,0,0,0,0,0,0,0,0,0,0,0,0,0,0,0
1,188,6,0.3333,1,0,0,0,0,0,0,0,0,0,0,0,0,0,0,0,0,0,0,0
1,189,5,0.3333,1,0,0,0,0,0,0,0,0,0,0,0,0,0,0,0,0,0,0,0
1,190,5.5,0.3333,1,0,0,0,0,0,0,0,0,0,0,0,0,0,0,0,0,0,0,0
1,191,5,0.3333,1,0,0,0,0,0,0,0,0,0,0,0,0,0,0,0,0,0,0,0
1,192,5.5,0.3333,1,0,0,0,0,0,0,0,0,0,0,0,0,0,0,0,0,0,0,0
1,193,7,0.3333,1,0,0,0,0,0,0,0,0,0,0,0,0,0,0,0,0,0,0,0
1,194,7,0.3333,1,0,0,0,0,0,0,0,0,0,0,0,0,0,0,0,0,0,0,0
1,195,7.5,0.3333,1,0,0,0,0,0,0,0,0,0,0,0,0,0,0,0,0,0,0,0
1,196,7.5,0.3333,1,0,0,0,0,0,0,0,0,0,0,0,0,0,0,0,0,0,0,0
1,197,7.5,0.3333,1,0,0,0,0,0,0,0,0,0,0,0,0,0,0,0,0,0,0,0
1,198,7.5,0.3333,1,0,0,0,0,0,0,0,0,0,0,0,0,0,0,0,0,0,0,0
1,199,7.5,0.3333,1,0,0,0,0,0,0,0,0,0,0,0,0,0,0,0,0,0,0,0
1,200,6.5,0.3333,1,0,0,0,0,0,0,0,0,0,0,0,0,0,0,0,0,0,0,0
1,201,7,0.3333,1,0,0,0,0,0,0,0,0,0,0,0,0,0,0,0,0,0,0,0
1,202,7.5,0.3333,1,0,0,0,0,0,0,0,0,0,0,0,0,0,0,0,0,0,0,0
1,203,7,0.3333,1,0,0,0,0,0,0,0,0,0,0,0,0,0,0,0,0,0,0,0
1,204,7,0.3333,1,0,0,0,0,0,0,0,0,0,0,0,0,0,0,0,0,0,0,0
1,205,6.5,0.3333,1,0,0,0,0,0,0,0,0,0,0,0,0,0,0,0,0,0,0,0
1,206,5.5,0.3333,1,0,0,0,0,0,0,0,0,0,0,0,0,0,0,0,0,0,0,0
1,207,5.5,0.3333,1,0,0,0,0,0,0,0,0,0,0,0,0,0,0,0,0,0,0,0
1,208,5.5,0.3333,1,0,0,0,0,0,0,0,0,0,0,0,0,0,0,0,0,0,0,0
1,209,6.5,0.3333,1,0,0,0,0,0,0,0,0,0,0,0,0,0,0,0,0,0,0,0
1,210,5.5,0.3333,1,0,0,0,0,0,0,0,0,0,0,0,0,0,0,0,0,0,0,0
1,211,6.5,0.3333,1,0,0,0,0,0,0,0,0,0,0,0,0,0,0,0,0,0,0,0
1,212,6.5,0.3333,1,0,0,0,0,0,0,0,0,0,0,0,0,0,0,0,0,0,0,0
1,213,6,0.3333,1,0,0,0,0,0,0,0,0,0,0,0,0,0,0,0,0,0,0,0
1,214,5.5,0.3333,1,0,0,0,0,0,0,0,0,0,0,0,0,0,0,0,0,0,0,0
1,215,6,0.3333,1,0,0,0,0,0,0,0,0,0,0,0,0,0,0,0,0,0,0,0
1,216,6,0.3333,1,0,0,0,0,0,0,0,0,0,0,0,0,0,0,0,0,0,0,0
1,217,6,0.3333,1,0,0,0,0,0,0,0,0,0,0,0,0,0,0,0,0,0,0,0
1,218,5.5,0.3333,1,0,0,0,0,0,0,0,0,0,0,0,0,0,0,0,0,0,0,0
1,219,5.5,0.3333,1,0,0,0,0,0,0,0,0,0,0,0,0,0,0,0,0,0,0,0
1,220,5.5,0.3333,1,0,0,0,0,0,0,0,0,0,0,0,0,0,0,0,0,0,0,0
1,221,5.5,0.3333,1,0,0,0,0,0,0,0,0,0,0,0,0,0,0,0,0,0,0,0
1,222,5.5,0.3333,1,0,0,0,0,0,0,0,0,0,0,0,0,0,0,0,0,0,0,0
1,223,6,0.3333,1,0,0,0,0,0,0,0,0,0,0,0,0,0,0,0,0,0,0,0
1,224,6,0.3333,1,0,0,0,0,0,0,0,0,0,0,0,0,0,0,0,0,0,0,0
1,225,6,0.3333,1,0,0,0,0,0,0,0,0,0,0,0,0,0,0,0,0,0,0,0
1,226,5.5,0.3333,1,0,0,0,0,0,0,0,0,0,0,0,0,0,0,0,0,0,0,0
1,227,6,0.3333,1,0,0,0,0,0,0,0,0,0,0,0,0,0,0,0,0,0,0,0
1,228,6,0.3333,1,0,0,0,0,0,0,0,0,0,0,0,0,0,0,0,0,0,0,0
1,229,5.5,0.3333,1,0,0,0,0,0,0,0,0,0,0,0,0,0,0,0,0,0,0,0
1,230,6,0.3333,1,0,0,0,0,0,0,0,0,0,0,0,0,0,0,0,0,0,0,0
1,231,6,0.3333,1,0,0,0,0,0,0,0,0,0,0,0,0,0,0,0,0,0,0,0
1,232,6,0.3333,1,0,0,0,0,0,0,0,0,0,0,0,0,0,0,0,0,0,0,0
1,233,6,0.3333,1,0,0,0,0,0,0,0,0,0,0,0,0,0,0,0,0,0,0,0
1,234,6,0.3333,1,0,0,0,0,0,0,0,0,0,0,0,0,0,0,0,0,0,0,0
1,235,6,0.3333,1,0,0,0,0,0,0,0,0,0,0,0,0,0,0,0,0,0,0,0
1,236,5,0.3333,1,0,0,0,0,0,0,0,0,0,0,0,0,0,0,0,0,0,0,0
1,237,6,0.3333,1,0,0,0,0,0,0,0,0,0,0,0,0,0,0,0,0,0,0,0
1,238,6,0.3333,1,0,0,0,0,0,0,0,0,0,0,0,0,0,0,0,0,0,0,0
1,239,6,0.3333,1,0,0,0,0,0,0,0,0,0,0,0,0,0,0,0,0,0,0,0
1,240,6,0.3333,1,0,0,0,0,0,0,0,0,0,0,0,0,0,0,0,0,0,0,0
1,241,6,0.3333,1,0,0,0,0,0,0,0,0,0,0,0,0,0,0,0,0,0,0,0
1,242,6,0.3333,1,0,0,0,0,0,0,0,0,0,0,0,0,0,0,0,0,0,0,0
1,243,6.5,0.3333,1,0,0,0,0,0,0,0,0,0,0,0,0,0,0,0,0,0,0,0
1,244,6.5,0.3333,1,0,0,0,0,0,0,0,0,0,0,0,0,0,0,0,0,0,0,0
1,245,6.5,0.3333,1,0,0,0,0,0,0,0,0,0,0,0,0,0,0,0,0,0,0,0
1,246,6.5,0.3333,1,0,0,0,0,0,0,0,0,0,0,0,0,0,0,0,0,0,0,0
1,247,6.5,0.3333,1,0,0,0,0,0,0,0,0,0,0,0,0,0,0,0,0,0,0,0
1,248,6.5,0.3333,1,0,0,0,0,0,0,0,0,0,0,0,0,0,0,0,0,0,0,0
1,249,6.5,0.3333,1,0,0,0,0,0,0,0,0,0,0,0,0,0,0,0,0,0,0,0
1,250,6.5,0.3333,1,0,0,0,0,0,0,0,0,0,0,0,0,0,0,0,0,0,0,0
1,251,6.5,0.3333,1,0,0,0,0,0,0,0,0,0,0,0,0,0,0,0,0,0,0,0
1,252,6.5,0.3333,1,0,0,0,0,0,0,0,0,0,0,0,0,0,0,0,0,0,0,0
1,253,6.5,0.3333,1,0,0,0,0,0,0,0,0,0,0,0,0,0,0,0,0,0,0,0
1,254,6.5,0.3333,1,0,0,0,0,0,0,0,0,0,0,0,0,0,0,0,0,0,0,0
1,255,6.5,0.3333,1,0,0,0,0,0,0,0,0,0,0,0,0,0,0,0,0,0,0,0
1,256,6.5,0.3333,1,0,0,0,0,0,0,0,0,0,0,0,0,0,0,0,0,0,0,0
1,257,6.5,0.3333,1,0,0,0,0,0,0,0,0,0,0,0,0,0,0,0,0,0,0,0
1,258,6.5,0.3333,1,0,0,0,0,0,0,0,0,0,0,0,0,0,0,0,0,0,0,0
1,259,6.5,0.3333,1,0,0,0,0,0,0,0,0,0,0,0,0,0,0,0,0,0,0,0
1,260,6.5,0.3333,1,0,0,0,0,0,0,0,0,0,0,0,0,0,0,0,0,0,0,0
1,261,7,0.3333,1,0,0,0,0,0,0,0,0,0,0,0,0,0,0,0,0,0,0,0
1,262,7,0.3333,1,0,0,0,0,0,0,0,0,0,0,0,0,0,0,0,0,0,0,0
1,263,7.5,0.3333,1,0,0,0,0,0,0,0,0,0,0,0,0,0,0,0,0,0,0,0
1,264,7.5,0.3333,1,0,0,0,0,0,0,0,0,0,0,0,0,0,0,0,0,0,0,0
1,265,7.5,0.3333,1,0,0,0,0,0,0,0,0,0,0,0,0,0,0,0,0,0,0,0
1,266,7.5,0.3333,1,0,0,0,0,0,0,0,0,0,0,0,0,0,0,0,0,0,0,0
1,267,7.5,0.3333,1,0,0,0,0,0,0,0,0,0,0,0,0,0,0,0,0,0,0,0
1,268,7.5,0.3333,1,0,0,0,0,0,0,0,0,0,0,0,0,0,0,0,0,0,0,0
1,269,7.5,0.3333,1,0,0,0,0,0,0,0,0,0,0,0,0,0,0,0,0,0,0,0
1,270,7.5,0.3333,1,0,0,0,0,0,0,0,0,0,0,0,0,0,0,0,0,0,0,0
1,271,7.5,0.3333,1,0,0,0,0,0,0,0,0,0,0,0,0,0,0,0,0,0,0,0
1,272,7.5,0.3333,1,0,0,0,0,0,0,0,0,0,0,0,0,0,0,0,0,0,0,0
1,273,7.5,0.3333,1,0,0,0,0,0,0,0,0,0,0,0,0,0,0,0,0,0,0,0
1,274,7.5,0.3333,1,0,0,0,0,0,0,0,0,0,0,0,0,0,0,0,0,0,0,0
1,275,7.5,0.3333,1,0,0,0,0,0,0,0,0,0,0,0,0,0,0,0,0,0,0,0
1,276,7.5,0.3333,1,0,0,0,0,0,0,0,0,0,0,0,0,0,0,0,0,0,0,0
1,277,7.5,0.3333,1,0,0,0,0,0,0,0,0,0,0,0,0,0,0,0,0,0,0,0
1,278,8,0.3333,1,0,0,0,0,0,0,0,0,0,0,0,0,0,0,0,0,0,0,0
1,279,8,0.3333,1,0,0,0,0,0,0,0,0,0,0,0,0,0,0,0,0,0,0,0
1,280,8,0.3333,1,0,0,0,0,0,0,0,0,0,0,0,0,0,0,0,0,0,0,0
1,281,8.5,0.3333,1,0,0,0,0,0,0,0,0,0,0,0,0,0,0,0,0,0,0,0
1,282,8,0.3333,1,0,0,0,0,0,0,0,0,0,0,0,0,0,0,0,0,0,0,0
1,283,8,0.3333,1,0,0,0,0,0,0,0,0,0,0,0,0,0,0,0,0,0,0,0
1,284,8,0.3333,1,0,0,0,0,0,0,0,0,0,0,0,0,0,0,0,0,0,0,0
1,285,8,0.3333,1,0,0,0,0,0,0,0,0,0,0,0,0,0,0,0,0,0,0,0
1,286,8.5,0.3333,1,0,0,0,0,0,0,0,0,0,0,0,0,0,0,0,0,0,0,0
1,287,8.5,0.3333,1,0,0,0,0,0,0,0,0,0,0,0,0,0,0,0,0,0,0,0
1,288,8.5,0.3333,1,0,0,0,0,0,0,0,0,0,0,0,0,0,0,0,0,0,0,0
1,289,8.5,0.3333,1,0,0,0,0,0,0,0,0,0,0,0,0,0,0,0,0,0,0,0
1,290,8.5,0.3333,1,0,0,0,0,0,0,0,0,0,0,0,0,0,0,0,0,0,0,0
1,291,9,0.3333,1,0,0,0,0,0,0,0,0,0,0,0,0,0,0,0,0,0,0,0
1,292,9,0.3333,1,0,0,0,0,0,0,0,0,0,0,0,0,0,0,0,0,0,0,0
1,293,9,0.3333,1,0,0,0,0,0,0,0,0,0,0,0,0,0,0,0,0,0,0,0
1,294,9,0.3333,1,0,0,0,0,0,0,0,0,0,0,0,0,0,0,0,0,0,0,0
1,295,9.5,0.3333,1,0,0,0,0,0,0,0,0,0,0,0,0,0,0,0,0,0,0,0
1,296,9.5,0.3333,1,0,0,0,0,0,0,0,0,0,0,0,0,0,0,0,0,0,0,0
1,297,9.5,0.3333,1,0,0,0,0,0,0,0,0,0,0,0,0,0,0,0,0,0,0,0
1,298,10,0.3333,1,0,0,0,0,0,0,0,0,0,0,0,0,0,0,0,0,0,0,0
1,299,10.5,0.3333,1,0,0,0,0,0,0,0,0,0,0,0,0,0,0,0,0,0,0,0
1,300,11,0.3333,1,0,0,0,0,0,0,0,0,0,0,0,0,0,0,0,0,0,0,0
1,301,11,0.3333,1,0,0,0,0,0,0,0,0,0,0,0,0,0,0,0,0,0,0,0
1,302,11,0.3333,1,0,0,0,0,0,0,0,0,0,0,0,0,0,0,0,0,0,0,0
1,303,11.5,0.3333,1,0,0,0,0,0,0,0,0,0,0,0,0,0,0,0,0,0,0,0
1,304,11.5,0.3333,1,0,0,0,0,0,0,0,0,0,0,0,0,0,0,0,0,0,0,0
1,305,11.5,0.3333,1,0,0,0,0,0,0,0,0,0,0,0,0,0,0,0,0,0,0,0
1,306,11,0.3333,1,0,0,0,0,0,0,0,0,0,0,0,0,0,0,0,0,0,0,0
1,307,11.5,0.3333,1,0,0,0,0,0,0,0,0,0,0,0,0,0,0,0,0,0,0,0
1,308,11.5,0.3333,1,0,0,0,0,0,0,0,0,0,0,0,0,0,0,0,0,0,0,0
1,309,11.5,0.3333,1,0,0,0,0,0,0,0,0,0,0,0,0,0,0,0,0,0,0,0
1,310,11,0.3333,1,0,0,0,0,0,0,0,0,0,0,0,0,0,0,0,0,0,0,0
1,311,10.5,0.3333,1,0,0,0,0,0,0,0,0,0,0,0,0,0,0,0,0,0,0,0
1,312,11,0.3333,1,0,0,0,0,0,0,0,0,0,0,0,0,0,0,0,0,0,0,0
1,313,11,0.3333,1,0,0,0,0,0,0,0,0,0,0,0,0,0,0,0,0,0,0,0
1,314,11,0.3333,1,0,0,0,0,0,0,0,0,0,0,0,0,0,0,0,0,0,0,0
1,315,11,0.3333,1,0,0,0,0,0,0,0,0,0,0,0,0,0,0,0,0,0,0,0
1,316,11.5,0.3333,1,0,0,0,0,0,0,0,0,0,0,0,0,0,0,0,0,0,0,0
1,317,11,0.3333,1,0,0,0,0,0,0,0,0,0,0,0,0,0,0,0,0,0,0,0
1,318,11,0.3333,1,0,0,0,0,0,0,0,0,0,0,0,0,0,0,0,0,0,0,0
1,319,11,0.3333,1,0,0,0,0,0,0,0,0,0,0,0,0,0,0,0,0,0,0,0
1,320,11,0.3333,1,0,0,0,0,0,0,0,0,0,0,0,0,0,0,0,0,0,0,0
1,321,11.5,0.3333,1,0,0,0,0,0,0,0,0,0,0,0,0,0,0,0,0,0,0,0
1,322,11.5,0.3333,1,0,0,0,0,0,0,0,0,0,0,0,0,0,0,0,0,0,0,0
1,323,11,0.3333,1,0,0,0,0,0,0,0,0,0,0,0,0,0,0,0,0,0,0,0
1,324,11,0.3333,1,0,0,0,0,0,0,0,0,0,0,0,0,0,0,0,0,0,0,0
1,325,11,0.3333,1,0,0,0,0,0,0,0,0,0,0,0,0,0,0,0,0,0,0,0
1,326,11,0.3333,1,0,0,0,0,0,0,0,0,0,0,0,0,0,0,0,0,0,0,0
1,327,10,0.3333,1,0,0,0,0,0,0,0,0,0,0,0,0,0,0,0,0,0,0,0
1,328,11,0.3333,1,0,0,0,0,0,0,0,0,0,0,0,0,0,0,0,0,0,0,0
1,329,11,0.3333,1,0,0,0,0,0,0,0,0,0,0,0,0,0,0,0,0,0,0,0
1,330,11,0.3333,1,0,0,0,0,0,0,0,0,0,0,0,0,0,0,0,0,0,0,0
1,331,11,0.3333,1,0,0,0,0,0,0,0,0,0,0,0,0,0,0,0,0,0,0,0
1,332,10.5,0.3333,1,0,0,0,0,0,0,0,0,0,0,0,0,0,0,0,0,0,0,0
1,333,10.5,0.3333,1,0,0,0,0,0,0,0,0,0,0,0,0,0,0,0,0,0,0,0
1,334,10.5,0.3333,1,0,0,0,0,0,0,0,0,0,0,0,0,0,0,0,0,0,0,0
1,335,10.5,0.3333,1,0,0,0,0,0,0,0,0,0,0,0,0,0,0,0,0,0,0,0
1,336,11,0.3333,1,0,0,0,0,0,0,0,0,0,0,0,0,0,0,0,0,0,0,0
1,337,9,0.3333,1,0,0,0,0,0,0,0,0,0,0,0,0,0,0,0,0,0,0,0
1,338,10,0.3333,1,0,0,0,0,0,0,0,0,0,0,0,0,0,0,0,0,0,0,0
1,339,10.5,0.3333,1,0,0,0,0,0,0,0,0,0,0,0,0,0,0,0,0,0,0,0
1,340,10.5,0.3333,1,0,0,0,0,0,0,0,0,0,0,0,0,0,0,0,0,0,0,0
1,341,10.5,0.3333,1,0,0,0,0,0,0,0,0,0,0,0,0,0,0,0,0,0,0,0
1,342,10.5,0.3333,1,0,0,0,0,0,0,0,0,0,0,0,0,0,0,0,0,0,0,0
1,343,10.5,0.3333,1,0,0,0,0,0,0,0,0,0,0,0,0,0,0,0,0,0,0,0
1,344,9.5,0.3333,1,0,0,0,0,0,0,0,0,0,0,0,0,0,0,0,0,0,0,0
1,345,10.5,0.3333,1,0,0,0,0,0,0,0,0,0,0,0,0,0,0,0,0,0,0,0
1,346,10,0.3333,1,0,0,0,0,0,0,0,0,0,0,0,0,0,0,0,0,0,0,0
1,347,10,0.3333,1,0,0,0,0,0,0,0,0,0,0,0,0,0,0,0,0,0,0,0
1,348,9.5,0.3333,1,0,0,0,0,0,0,0,0,0,0,0,0,0,0,0,0,0,0,0
1,349,9.5,0.3333,1,0,0,0,0,0,0,0,0,0,0,0,0,0,0,0,0,0,0,0
1,350,10,0.3333,1,0,0,0,0,0,0,0,0,0,0,0,0,0,0,0,0,0,0,0
1,351,9,0.3333,1,0,0,0,0,0,0,0,0,0,0,0,0,0,0,0,0,0,0,0
1,352,10,0.3333,1,0,0,0,0,0,0,0,0,0,0,0,0,0,0,0,0,0,0,0
1,353,9.5,0.3333,1,0,0,0,0,0,0,0,0,0,0,0,0,0,0,0,0,0,0,0
1,354,9.5,0.3333,1,0,0,0,0,0,0,0,0,0,0,0,0,0,0,0,0,0,0,0
1,355,9.5,0.3333,1,0,0,0,0,0,0,0,0,0,0,0,0,0,0,0,0,0,0,0
1,356,9.5,0.3333,1,0,0,0,0,0,0,0,0,0,0,0,0,0,0,0,0,0,0,0
1,357,9.5,0.3333,1,0,0,0,0,0,0,0,0,0,0,0,0,0,0,0,0,0,0,0
1,358,9.5,0.3333,1,0,0,0,0,0,0,0,0,0,0,0,0,0,0,0,0,0,0,0
1,359,9.5,0.3333,1,0,0,0,0,0,0,0,0,0,0,0,0,0,0,0,0,0,0,0
1,360,9.5,0.3333,1,0,0,0,0,0,0,0,0,0,0,0,0,0,0,0,0,0,0,0
1,361,9.5,0.3333,1,0,0,0,0,0,0,0,0,0,0,0,0,0,0,0,0,0,0,0
1,362,9,0.3333,1,0,0,0,0,0,0,0,0,0,0,0,0,0,0,0,0,0,0,0
1,363,9,0.3333,1,0,0,0,0,0,0,0,0,0,0,0,0,0,0,0,0,0,0,0
